Cluster,PCT_LACCESS_POP15,LACCESS_BLACK15,LACCESS_HISP15,LACCESS_NHASIAN15,Poverty_Rate,Adult_Obesity_Rate13,Adult_Diabetes_Rate13,FOODINSEC_13_15
0,19.809246281514707,987.2221200022012,807.3878492308498,187.17201918146228,16.043934760448522,31.323207611281006,11.300543662928984,14.32871219843697
1,24.969875434851193,18593.501545266125,17600.17925488682,6885.319398811316,14.40639534883721,27.042441860465118,9.483720930232558,13.479651162790697
